variant_id	variant_call_id	sample_id	chromosome_1	position_1	chromosome_2	position_2	variant_type	reference_allele	alternate_allele	source_id	phase_block_id	clone_id	nucleic_acid	variant_calling_method	sequencing_platform	filter	quality_score	precise	variant_subtype	variant_size	reference_allele_read_count	alternate_allele_read_count	total_read_count	alternate_allele_fraction	alternate_allele_read_ids	variant_sequences	tags	attributes	average_alignment_score_window	position_1_average_alignment_score	position_2_average_alignment_score	position_1_annotation_annotator	position_1_annotation_annotator_version	position_1_annotation_gene_id	position_1_annotation_gene_id_stable	position_1_annotation_gene_name	position_1_annotation_gene_strand	position_1_annotation_gene_type	position_1_annotation_gene_version	position_1_annotation_region	position_1_annotation_species	position_2_annotation_annotator	position_2_annotation_annotator_version	position_2_annotation_gene_id	position_2_annotation_gene_id_stable	position_2_annotation_gene_name	position_2_annotation_gene_strand	position_2_annotation_gene_type	position_2_annotation_gene_version	position_2_annotation_region	position_2_annotation_species
1	tumor_dna_svisionpro_1_INS_chr17:7675193_chr17:7675193	tumor	chr17	7675193	chr17	7675193	INS	N	SV	sample001			dna	svisionpro	PACBIO	PASS	-1.0	False		60	0	60	60	1.0	m64012_747018_245105/33/ccs;m64012_242273_886778/44/ccs;m64012_767245_548448/48/ccs;m64012_602443_148263/17/ccs;m64012_270626_604733/5/ccs;m64012_478230_823532/2/ccs;m64012_360318_426387/19/ccs;m64012_381162_239173/42/ccs;m64012_463653_692950/58/ccs;m64012_903314_674082/4/ccs;m64012_858998_118547/18/ccs;m64012_760605_584390/39/ccs;m64012_177664_156802/31/ccs;m64012_924946_199822/27/ccs;m64012_869547_723665/28/ccs;m64012_304123_879899/25/ccs;m64012_835556_998088/45/ccs;m64012_843161_323664/24/ccs;m64012_838838_426632/15/ccs;m64012_314115_611506/6/ccs;m64012_328976_196480/36/ccs;m64012_514255_977134/51/ccs;m64012_471173_757519/23/ccs;m64012_464579_195366/16/ccs;m64012_522383_391973/47/ccs;m64012_415089_994242/3/ccs;m64012_243128_115980/1/ccs;m64012_829209_582752/10/ccs;m64012_182474_723034/41/ccs;m64012_352707_552960/37/ccs;m64012_807340_922818/59/ccs;m64012_392568_524525/8/ccs;m64012_348074_848096/54/ccs;m64012_544244_228744/40/ccs;m64012_296225_489659/43/ccs;m64012_758761_512320/35/ccs;m64012_627775_365855/49/ccs;m64012_148409_979935/11/ccs;m64012_474273_353667/56/ccs;m64012_242380_606702/26/ccs;m64012_653159_731621/12/ccs;m64012_876762_488957/7/ccs;m64012_954848_201761/13/ccs;m64012_669108_830718/55/ccs;m64012_845523_709458/22/ccs;m64012_748096_507187/20/ccs;m64012_936768_893553/14/ccs;m64012_288659_760219/9/ccs;m64012_331712_930339/38/ccs;m64012_675225_835364/53/ccs;m64012_692782_607796/32/ccs;m64012_149895_791974/60/ccs;m64012_147199_278309/30/ccs;m64012_905329_312972/34/ccs;m64012_863883_468811/21/ccs;m64012_472500_168132/52/ccs;m64012_464102_718786/50/ccs;m64012_941286_245689/29/ccs;m64012_647631_647248/57/ccs;m64012_270277_952842/46/ccs			ID=0;END=7675193;SVLEN=60;SVTYPE=INS;SUPPORT=60;VAF=1.0;BKPS=INS_60_chr17_7675193_7675193_7675193;BKPSIT=INS_NewCOMP;RNAMES=m64012_288659_760219/9/ccs,m64012_304123_879899/25/ccs,m64012_936768_893553/14/ccs,m64012_903314_674082/4/ccs,m64012_147199_278309/30/ccs,m64012_647631_647248/57/ccs,m64012_807340_922818/59/ccs,m64012_863883_468811/21/ccs,m64012_464102_718786/50/ccs,m64012_767245_548448/48/ccs,m64012_314115_611506/6/ccs,m64012_270277_952842/46/ccs,m64012_514255_977134/51/ccs,m64012_464579_195366/16/ccs,m64012_869547_723665/28/ccs,m64012_760605_584390/39/ccs,m64012_602443_148263/17/ccs,m64012_845523_709458/22/ccs,m64012_653159_731621/12/ccs,m64012_843161_323664/24/ccs,m64012_829209_582752/10/ccs,m64012_296225_489659/43/ccs,m64012_692782_607796/32/ccs,m64012_747018_245105/33/ccs,m64012_522383_391973/47/ccs,m64012_415089_994242/3/ccs,m64012_242380_606702/26/ccs,m64012_177664_156802/31/ccs,m64012_381162_239173/42/ccs,m64012_669108_830718/55/ccs,m64012_352707_552960/37/ccs,m64012_149895_791974/60/ccs,m64012_242273_886778/44/ccs,m64012_182474_723034/41/ccs,m64012_478230_823532/2/ccs,m64012_148409_979935/11/ccs,m64012_348074_848096/54/ccs,m64012_392568_524525/8/ccs,m64012_838838_426632/15/ccs,m64012_328976_196480/36/ccs,m64012_858998_118547/18/ccs,m64012_835556_998088/45/ccs,m64012_471173_757519/23/ccs,m64012_905329_312972/34/ccs,m64012_331712_930339/38/ccs,m64012_544244_228744/40/ccs,m64012_954848_201761/13/ccs,m64012_472500_168132/52/ccs,m64012_463653_692950/58/ccs,m64012_941286_245689/29/ccs,m64012_748096_507187/20/ccs,m64012_758761_512320/35/ccs,m64012_675225_835364/53/ccs,m64012_360318_426387/19/ccs,m64012_876762_488957/7/ccs,m64012_924946_199822/27/ccs,m64012_270626_604733/5/ccs,m64012_627775_365855/49/ccs,m64012_243128_115980/1/ccs,m64012_474273_353667/56/ccs;GT=1/1;DR=0;DV=60	-1	-1.0	-1.0																				
1	normal_dna_svisionpro_2_INS_chr17:7675193_chr17:7675193	normal	chr17	7675193	chr17	7675193	INS	N	SV	sample001			dna	svisionpro	PACBIO	PASS	-1.0	False		60	-1	-1	-1	-1.0	m64012_747018_245105/33/ccs;m64012_242273_886778/44/ccs;m64012_767245_548448/48/ccs;m64012_602443_148263/17/ccs;m64012_270626_604733/5/ccs;m64012_478230_823532/2/ccs;m64012_360318_426387/19/ccs;m64012_381162_239173/42/ccs;m64012_463653_692950/58/ccs;m64012_903314_674082/4/ccs;m64012_858998_118547/18/ccs;m64012_760605_584390/39/ccs;m64012_177664_156802/31/ccs;m64012_924946_199822/27/ccs;m64012_869547_723665/28/ccs;m64012_304123_879899/25/ccs;m64012_835556_998088/45/ccs;m64012_843161_323664/24/ccs;m64012_838838_426632/15/ccs;m64012_314115_611506/6/ccs;m64012_328976_196480/36/ccs;m64012_514255_977134/51/ccs;m64012_471173_757519/23/ccs;m64012_464579_195366/16/ccs;m64012_522383_391973/47/ccs;m64012_415089_994242/3/ccs;m64012_243128_115980/1/ccs;m64012_829209_582752/10/ccs;m64012_182474_723034/41/ccs;m64012_352707_552960/37/ccs;m64012_807340_922818/59/ccs;m64012_392568_524525/8/ccs;m64012_348074_848096/54/ccs;m64012_544244_228744/40/ccs;m64012_296225_489659/43/ccs;m64012_758761_512320/35/ccs;m64012_627775_365855/49/ccs;m64012_148409_979935/11/ccs;m64012_474273_353667/56/ccs;m64012_242380_606702/26/ccs;m64012_653159_731621/12/ccs;m64012_876762_488957/7/ccs;m64012_954848_201761/13/ccs;m64012_669108_830718/55/ccs;m64012_845523_709458/22/ccs;m64012_748096_507187/20/ccs;m64012_936768_893553/14/ccs;m64012_288659_760219/9/ccs;m64012_331712_930339/38/ccs;m64012_675225_835364/53/ccs;m64012_692782_607796/32/ccs;m64012_149895_791974/60/ccs;m64012_147199_278309/30/ccs;m64012_905329_312972/34/ccs;m64012_863883_468811/21/ccs;m64012_472500_168132/52/ccs;m64012_464102_718786/50/ccs;m64012_941286_245689/29/ccs;m64012_647631_647248/57/ccs;m64012_270277_952842/46/ccs			ID=0;END=7675193;SVLEN=60;SVTYPE=INS;SUPPORT=60;VAF=1.0;BKPS=INS_60_chr17_7675193_7675193_7675193;BKPSIT=INS_NewCOMP;RNAMES=m64012_288659_760219/9/ccs,m64012_304123_879899/25/ccs,m64012_936768_893553/14/ccs,m64012_903314_674082/4/ccs,m64012_147199_278309/30/ccs,m64012_647631_647248/57/ccs,m64012_807340_922818/59/ccs,m64012_863883_468811/21/ccs,m64012_464102_718786/50/ccs,m64012_767245_548448/48/ccs,m64012_314115_611506/6/ccs,m64012_270277_952842/46/ccs,m64012_514255_977134/51/ccs,m64012_464579_195366/16/ccs,m64012_869547_723665/28/ccs,m64012_760605_584390/39/ccs,m64012_602443_148263/17/ccs,m64012_845523_709458/22/ccs,m64012_653159_731621/12/ccs,m64012_843161_323664/24/ccs,m64012_829209_582752/10/ccs,m64012_296225_489659/43/ccs,m64012_692782_607796/32/ccs,m64012_747018_245105/33/ccs,m64012_522383_391973/47/ccs,m64012_415089_994242/3/ccs,m64012_242380_606702/26/ccs,m64012_177664_156802/31/ccs,m64012_381162_239173/42/ccs,m64012_669108_830718/55/ccs,m64012_352707_552960/37/ccs,m64012_149895_791974/60/ccs,m64012_242273_886778/44/ccs,m64012_182474_723034/41/ccs,m64012_478230_823532/2/ccs,m64012_148409_979935/11/ccs,m64012_348074_848096/54/ccs,m64012_392568_524525/8/ccs,m64012_838838_426632/15/ccs,m64012_328976_196480/36/ccs,m64012_858998_118547/18/ccs,m64012_835556_998088/45/ccs,m64012_471173_757519/23/ccs,m64012_905329_312972/34/ccs,m64012_331712_930339/38/ccs,m64012_544244_228744/40/ccs,m64012_954848_201761/13/ccs,m64012_472500_168132/52/ccs,m64012_463653_692950/58/ccs,m64012_941286_245689/29/ccs,m64012_748096_507187/20/ccs,m64012_758761_512320/35/ccs,m64012_675225_835364/53/ccs,m64012_360318_426387/19/ccs,m64012_876762_488957/7/ccs,m64012_924946_199822/27/ccs,m64012_270626_604733/5/ccs,m64012_627775_365855/49/ccs,m64012_243128_115980/1/ccs,m64012_474273_353667/56/ccs;GT=0/0;DR=;DV=	-1	-1.0	-1.0																				
2	tumor_dna_svisionpro_3_INS_chr17:7676194_chr17:7676194	tumor	chr17	7676194	chr17	7676194	INS	N	SV	sample001			dna	svisionpro	PACBIO	PASS	-1.0	False		120	0	60	60	1.0	m64012_747018_245105/33/ccs;m64012_242273_886778/44/ccs;m64012_767245_548448/48/ccs;m64012_602443_148263/17/ccs;m64012_270626_604733/5/ccs;m64012_478230_823532/2/ccs;m64012_360318_426387/19/ccs;m64012_381162_239173/42/ccs;m64012_463653_692950/58/ccs;m64012_903314_674082/4/ccs;m64012_858998_118547/18/ccs;m64012_760605_584390/39/ccs;m64012_177664_156802/31/ccs;m64012_924946_199822/27/ccs;m64012_869547_723665/28/ccs;m64012_304123_879899/25/ccs;m64012_835556_998088/45/ccs;m64012_843161_323664/24/ccs;m64012_838838_426632/15/ccs;m64012_314115_611506/6/ccs;m64012_328976_196480/36/ccs;m64012_514255_977134/51/ccs;m64012_471173_757519/23/ccs;m64012_464579_195366/16/ccs;m64012_522383_391973/47/ccs;m64012_415089_994242/3/ccs;m64012_243128_115980/1/ccs;m64012_829209_582752/10/ccs;m64012_182474_723034/41/ccs;m64012_352707_552960/37/ccs;m64012_807340_922818/59/ccs;m64012_392568_524525/8/ccs;m64012_348074_848096/54/ccs;m64012_544244_228744/40/ccs;m64012_296225_489659/43/ccs;m64012_758761_512320/35/ccs;m64012_627775_365855/49/ccs;m64012_148409_979935/11/ccs;m64012_474273_353667/56/ccs;m64012_242380_606702/26/ccs;m64012_653159_731621/12/ccs;m64012_876762_488957/7/ccs;m64012_954848_201761/13/ccs;m64012_669108_830718/55/ccs;m64012_845523_709458/22/ccs;m64012_748096_507187/20/ccs;m64012_936768_893553/14/ccs;m64012_288659_760219/9/ccs;m64012_331712_930339/38/ccs;m64012_675225_835364/53/ccs;m64012_692782_607796/32/ccs;m64012_149895_791974/60/ccs;m64012_147199_278309/30/ccs;m64012_905329_312972/34/ccs;m64012_863883_468811/21/ccs;m64012_472500_168132/52/ccs;m64012_464102_718786/50/ccs;m64012_941286_245689/29/ccs;m64012_647631_647248/57/ccs;m64012_270277_952842/46/ccs			ID=1;END=7676194;SVLEN=120;SVTYPE=INS;SUPPORT=60;VAF=1.0;BKPS=INS_120_chr17_7676194_7676194_7676194;BKPSIT=INS_NewCOMP;RNAMES=m64012_288659_760219/9/ccs,m64012_304123_879899/25/ccs,m64012_936768_893553/14/ccs,m64012_903314_674082/4/ccs,m64012_147199_278309/30/ccs,m64012_647631_647248/57/ccs,m64012_807340_922818/59/ccs,m64012_863883_468811/21/ccs,m64012_464102_718786/50/ccs,m64012_767245_548448/48/ccs,m64012_314115_611506/6/ccs,m64012_270277_952842/46/ccs,m64012_514255_977134/51/ccs,m64012_464579_195366/16/ccs,m64012_869547_723665/28/ccs,m64012_760605_584390/39/ccs,m64012_602443_148263/17/ccs,m64012_845523_709458/22/ccs,m64012_653159_731621/12/ccs,m64012_843161_323664/24/ccs,m64012_829209_582752/10/ccs,m64012_296225_489659/43/ccs,m64012_692782_607796/32/ccs,m64012_747018_245105/33/ccs,m64012_522383_391973/47/ccs,m64012_415089_994242/3/ccs,m64012_242380_606702/26/ccs,m64012_177664_156802/31/ccs,m64012_381162_239173/42/ccs,m64012_669108_830718/55/ccs,m64012_352707_552960/37/ccs,m64012_149895_791974/60/ccs,m64012_242273_886778/44/ccs,m64012_182474_723034/41/ccs,m64012_478230_823532/2/ccs,m64012_148409_979935/11/ccs,m64012_348074_848096/54/ccs,m64012_392568_524525/8/ccs,m64012_838838_426632/15/ccs,m64012_328976_196480/36/ccs,m64012_858998_118547/18/ccs,m64012_835556_998088/45/ccs,m64012_471173_757519/23/ccs,m64012_905329_312972/34/ccs,m64012_331712_930339/38/ccs,m64012_544244_228744/40/ccs,m64012_954848_201761/13/ccs,m64012_472500_168132/52/ccs,m64012_463653_692950/58/ccs,m64012_941286_245689/29/ccs,m64012_748096_507187/20/ccs,m64012_758761_512320/35/ccs,m64012_675225_835364/53/ccs,m64012_360318_426387/19/ccs,m64012_876762_488957/7/ccs,m64012_924946_199822/27/ccs,m64012_270626_604733/5/ccs,m64012_627775_365855/49/ccs,m64012_243128_115980/1/ccs,m64012_474273_353667/56/ccs;GT=1/1;DR=0;DV=60	-1	-1.0	-1.0																				
2	normal_dna_svisionpro_4_INS_chr17:7676194_chr17:7676194	normal	chr17	7676194	chr17	7676194	INS	N	SV	sample001			dna	svisionpro	PACBIO	PASS	-1.0	False		120	-1	-1	-1	-1.0	m64012_747018_245105/33/ccs;m64012_242273_886778/44/ccs;m64012_767245_548448/48/ccs;m64012_602443_148263/17/ccs;m64012_270626_604733/5/ccs;m64012_478230_823532/2/ccs;m64012_360318_426387/19/ccs;m64012_381162_239173/42/ccs;m64012_463653_692950/58/ccs;m64012_903314_674082/4/ccs;m64012_858998_118547/18/ccs;m64012_760605_584390/39/ccs;m64012_177664_156802/31/ccs;m64012_924946_199822/27/ccs;m64012_869547_723665/28/ccs;m64012_304123_879899/25/ccs;m64012_835556_998088/45/ccs;m64012_843161_323664/24/ccs;m64012_838838_426632/15/ccs;m64012_314115_611506/6/ccs;m64012_328976_196480/36/ccs;m64012_514255_977134/51/ccs;m64012_471173_757519/23/ccs;m64012_464579_195366/16/ccs;m64012_522383_391973/47/ccs;m64012_415089_994242/3/ccs;m64012_243128_115980/1/ccs;m64012_829209_582752/10/ccs;m64012_182474_723034/41/ccs;m64012_352707_552960/37/ccs;m64012_807340_922818/59/ccs;m64012_392568_524525/8/ccs;m64012_348074_848096/54/ccs;m64012_544244_228744/40/ccs;m64012_296225_489659/43/ccs;m64012_758761_512320/35/ccs;m64012_627775_365855/49/ccs;m64012_148409_979935/11/ccs;m64012_474273_353667/56/ccs;m64012_242380_606702/26/ccs;m64012_653159_731621/12/ccs;m64012_876762_488957/7/ccs;m64012_954848_201761/13/ccs;m64012_669108_830718/55/ccs;m64012_845523_709458/22/ccs;m64012_748096_507187/20/ccs;m64012_936768_893553/14/ccs;m64012_288659_760219/9/ccs;m64012_331712_930339/38/ccs;m64012_675225_835364/53/ccs;m64012_692782_607796/32/ccs;m64012_149895_791974/60/ccs;m64012_147199_278309/30/ccs;m64012_905329_312972/34/ccs;m64012_863883_468811/21/ccs;m64012_472500_168132/52/ccs;m64012_464102_718786/50/ccs;m64012_941286_245689/29/ccs;m64012_647631_647248/57/ccs;m64012_270277_952842/46/ccs			ID=1;END=7676194;SVLEN=120;SVTYPE=INS;SUPPORT=60;VAF=1.0;BKPS=INS_120_chr17_7676194_7676194_7676194;BKPSIT=INS_NewCOMP;RNAMES=m64012_288659_760219/9/ccs,m64012_304123_879899/25/ccs,m64012_936768_893553/14/ccs,m64012_903314_674082/4/ccs,m64012_147199_278309/30/ccs,m64012_647631_647248/57/ccs,m64012_807340_922818/59/ccs,m64012_863883_468811/21/ccs,m64012_464102_718786/50/ccs,m64012_767245_548448/48/ccs,m64012_314115_611506/6/ccs,m64012_270277_952842/46/ccs,m64012_514255_977134/51/ccs,m64012_464579_195366/16/ccs,m64012_869547_723665/28/ccs,m64012_760605_584390/39/ccs,m64012_602443_148263/17/ccs,m64012_845523_709458/22/ccs,m64012_653159_731621/12/ccs,m64012_843161_323664/24/ccs,m64012_829209_582752/10/ccs,m64012_296225_489659/43/ccs,m64012_692782_607796/32/ccs,m64012_747018_245105/33/ccs,m64012_522383_391973/47/ccs,m64012_415089_994242/3/ccs,m64012_242380_606702/26/ccs,m64012_177664_156802/31/ccs,m64012_381162_239173/42/ccs,m64012_669108_830718/55/ccs,m64012_352707_552960/37/ccs,m64012_149895_791974/60/ccs,m64012_242273_886778/44/ccs,m64012_182474_723034/41/ccs,m64012_478230_823532/2/ccs,m64012_148409_979935/11/ccs,m64012_348074_848096/54/ccs,m64012_392568_524525/8/ccs,m64012_838838_426632/15/ccs,m64012_328976_196480/36/ccs,m64012_858998_118547/18/ccs,m64012_835556_998088/45/ccs,m64012_471173_757519/23/ccs,m64012_905329_312972/34/ccs,m64012_331712_930339/38/ccs,m64012_544244_228744/40/ccs,m64012_954848_201761/13/ccs,m64012_472500_168132/52/ccs,m64012_463653_692950/58/ccs,m64012_941286_245689/29/ccs,m64012_748096_507187/20/ccs,m64012_758761_512320/35/ccs,m64012_675225_835364/53/ccs,m64012_360318_426387/19/ccs,m64012_876762_488957/7/ccs,m64012_924946_199822/27/ccs,m64012_270626_604733/5/ccs,m64012_627775_365855/49/ccs,m64012_243128_115980/1/ccs,m64012_474273_353667/56/ccs;GT=0/0;DR=;DV=	-1	-1.0	-1.0																				
3	tumor_dna_svisionpro_5_DEL_chr17:7683194_chr17:7683293	tumor	chr17	7683194	chr17	7683293	DEL	N	SV	sample001			dna	svisionpro	PACBIO	PASS	-1.0	False		99	0	60	60	1.0	m64012_747018_245105/33/ccs;m64012_242273_886778/44/ccs;m64012_767245_548448/48/ccs;m64012_602443_148263/17/ccs;m64012_270626_604733/5/ccs;m64012_478230_823532/2/ccs;m64012_360318_426387/19/ccs;m64012_381162_239173/42/ccs;m64012_463653_692950/58/ccs;m64012_903314_674082/4/ccs;m64012_858998_118547/18/ccs;m64012_760605_584390/39/ccs;m64012_177664_156802/31/ccs;m64012_924946_199822/27/ccs;m64012_869547_723665/28/ccs;m64012_304123_879899/25/ccs;m64012_835556_998088/45/ccs;m64012_843161_323664/24/ccs;m64012_838838_426632/15/ccs;m64012_314115_611506/6/ccs;m64012_328976_196480/36/ccs;m64012_514255_977134/51/ccs;m64012_471173_757519/23/ccs;m64012_464579_195366/16/ccs;m64012_522383_391973/47/ccs;m64012_415089_994242/3/ccs;m64012_243128_115980/1/ccs;m64012_829209_582752/10/ccs;m64012_182474_723034/41/ccs;m64012_352707_552960/37/ccs;m64012_807340_922818/59/ccs;m64012_392568_524525/8/ccs;m64012_348074_848096/54/ccs;m64012_544244_228744/40/ccs;m64012_296225_489659/43/ccs;m64012_758761_512320/35/ccs;m64012_627775_365855/49/ccs;m64012_148409_979935/11/ccs;m64012_474273_353667/56/ccs;m64012_242380_606702/26/ccs;m64012_653159_731621/12/ccs;m64012_876762_488957/7/ccs;m64012_954848_201761/13/ccs;m64012_669108_830718/55/ccs;m64012_845523_709458/22/ccs;m64012_748096_507187/20/ccs;m64012_936768_893553/14/ccs;m64012_288659_760219/9/ccs;m64012_331712_930339/38/ccs;m64012_675225_835364/53/ccs;m64012_692782_607796/32/ccs;m64012_149895_791974/60/ccs;m64012_147199_278309/30/ccs;m64012_905329_312972/34/ccs;m64012_863883_468811/21/ccs;m64012_472500_168132/52/ccs;m64012_464102_718786/50/ccs;m64012_941286_245689/29/ccs;m64012_647631_647248/57/ccs;m64012_270277_952842/46/ccs			ID=2;END=7683293;SVLEN=99;SVTYPE=DEL;SUPPORT=60;VAF=1.0;BKPS=DEL_99_chr17_7683194_7683293_7683194;BKPSIT=DEL_NewCOMP;RNAMES=m64012_288659_760219/9/ccs,m64012_304123_879899/25/ccs,m64012_936768_893553/14/ccs,m64012_903314_674082/4/ccs,m64012_147199_278309/30/ccs,m64012_647631_647248/57/ccs,m64012_807340_922818/59/ccs,m64012_863883_468811/21/ccs,m64012_464102_718786/50/ccs,m64012_767245_548448/48/ccs,m64012_314115_611506/6/ccs,m64012_270277_952842/46/ccs,m64012_514255_977134/51/ccs,m64012_464579_195366/16/ccs,m64012_869547_723665/28/ccs,m64012_760605_584390/39/ccs,m64012_602443_148263/17/ccs,m64012_845523_709458/22/ccs,m64012_653159_731621/12/ccs,m64012_843161_323664/24/ccs,m64012_829209_582752/10/ccs,m64012_296225_489659/43/ccs,m64012_692782_607796/32/ccs,m64012_747018_245105/33/ccs,m64012_522383_391973/47/ccs,m64012_415089_994242/3/ccs,m64012_242380_606702/26/ccs,m64012_177664_156802/31/ccs,m64012_381162_239173/42/ccs,m64012_669108_830718/55/ccs,m64012_352707_552960/37/ccs,m64012_149895_791974/60/ccs,m64012_242273_886778/44/ccs,m64012_182474_723034/41/ccs,m64012_478230_823532/2/ccs,m64012_148409_979935/11/ccs,m64012_348074_848096/54/ccs,m64012_392568_524525/8/ccs,m64012_838838_426632/15/ccs,m64012_328976_196480/36/ccs,m64012_858998_118547/18/ccs,m64012_835556_998088/45/ccs,m64012_471173_757519/23/ccs,m64012_905329_312972/34/ccs,m64012_331712_930339/38/ccs,m64012_544244_228744/40/ccs,m64012_954848_201761/13/ccs,m64012_472500_168132/52/ccs,m64012_463653_692950/58/ccs,m64012_941286_245689/29/ccs,m64012_748096_507187/20/ccs,m64012_758761_512320/35/ccs,m64012_675225_835364/53/ccs,m64012_360318_426387/19/ccs,m64012_876762_488957/7/ccs,m64012_924946_199822/27/ccs,m64012_270626_604733/5/ccs,m64012_627775_365855/49/ccs,m64012_243128_115980/1/ccs,m64012_474273_353667/56/ccs;GT=1/1;DR=0;DV=60	-1	-1.0	-1.0																				
3	normal_dna_svisionpro_6_DEL_chr17:7683194_chr17:7683293	normal	chr17	7683194	chr17	7683293	DEL	N	SV	sample001			dna	svisionpro	PACBIO	PASS	-1.0	False		99	-1	-1	-1	-1.0	m64012_747018_245105/33/ccs;m64012_242273_886778/44/ccs;m64012_767245_548448/48/ccs;m64012_602443_148263/17/ccs;m64012_270626_604733/5/ccs;m64012_478230_823532/2/ccs;m64012_360318_426387/19/ccs;m64012_381162_239173/42/ccs;m64012_463653_692950/58/ccs;m64012_903314_674082/4/ccs;m64012_858998_118547/18/ccs;m64012_760605_584390/39/ccs;m64012_177664_156802/31/ccs;m64012_924946_199822/27/ccs;m64012_869547_723665/28/ccs;m64012_304123_879899/25/ccs;m64012_835556_998088/45/ccs;m64012_843161_323664/24/ccs;m64012_838838_426632/15/ccs;m64012_314115_611506/6/ccs;m64012_328976_196480/36/ccs;m64012_514255_977134/51/ccs;m64012_471173_757519/23/ccs;m64012_464579_195366/16/ccs;m64012_522383_391973/47/ccs;m64012_415089_994242/3/ccs;m64012_243128_115980/1/ccs;m64012_829209_582752/10/ccs;m64012_182474_723034/41/ccs;m64012_352707_552960/37/ccs;m64012_807340_922818/59/ccs;m64012_392568_524525/8/ccs;m64012_348074_848096/54/ccs;m64012_544244_228744/40/ccs;m64012_296225_489659/43/ccs;m64012_758761_512320/35/ccs;m64012_627775_365855/49/ccs;m64012_148409_979935/11/ccs;m64012_474273_353667/56/ccs;m64012_242380_606702/26/ccs;m64012_653159_731621/12/ccs;m64012_876762_488957/7/ccs;m64012_954848_201761/13/ccs;m64012_669108_830718/55/ccs;m64012_845523_709458/22/ccs;m64012_748096_507187/20/ccs;m64012_936768_893553/14/ccs;m64012_288659_760219/9/ccs;m64012_331712_930339/38/ccs;m64012_675225_835364/53/ccs;m64012_692782_607796/32/ccs;m64012_149895_791974/60/ccs;m64012_147199_278309/30/ccs;m64012_905329_312972/34/ccs;m64012_863883_468811/21/ccs;m64012_472500_168132/52/ccs;m64012_464102_718786/50/ccs;m64012_941286_245689/29/ccs;m64012_647631_647248/57/ccs;m64012_270277_952842/46/ccs			ID=2;END=7683293;SVLEN=99;SVTYPE=DEL;SUPPORT=60;VAF=1.0;BKPS=DEL_99_chr17_7683194_7683293_7683194;BKPSIT=DEL_NewCOMP;RNAMES=m64012_288659_760219/9/ccs,m64012_304123_879899/25/ccs,m64012_936768_893553/14/ccs,m64012_903314_674082/4/ccs,m64012_147199_278309/30/ccs,m64012_647631_647248/57/ccs,m64012_807340_922818/59/ccs,m64012_863883_468811/21/ccs,m64012_464102_718786/50/ccs,m64012_767245_548448/48/ccs,m64012_314115_611506/6/ccs,m64012_270277_952842/46/ccs,m64012_514255_977134/51/ccs,m64012_464579_195366/16/ccs,m64012_869547_723665/28/ccs,m64012_760605_584390/39/ccs,m64012_602443_148263/17/ccs,m64012_845523_709458/22/ccs,m64012_653159_731621/12/ccs,m64012_843161_323664/24/ccs,m64012_829209_582752/10/ccs,m64012_296225_489659/43/ccs,m64012_692782_607796/32/ccs,m64012_747018_245105/33/ccs,m64012_522383_391973/47/ccs,m64012_415089_994242/3/ccs,m64012_242380_606702/26/ccs,m64012_177664_156802/31/ccs,m64012_381162_239173/42/ccs,m64012_669108_830718/55/ccs,m64012_352707_552960/37/ccs,m64012_149895_791974/60/ccs,m64012_242273_886778/44/ccs,m64012_182474_723034/41/ccs,m64012_478230_823532/2/ccs,m64012_148409_979935/11/ccs,m64012_348074_848096/54/ccs,m64012_392568_524525/8/ccs,m64012_838838_426632/15/ccs,m64012_328976_196480/36/ccs,m64012_858998_118547/18/ccs,m64012_835556_998088/45/ccs,m64012_471173_757519/23/ccs,m64012_905329_312972/34/ccs,m64012_331712_930339/38/ccs,m64012_544244_228744/40/ccs,m64012_954848_201761/13/ccs,m64012_472500_168132/52/ccs,m64012_463653_692950/58/ccs,m64012_941286_245689/29/ccs,m64012_748096_507187/20/ccs,m64012_758761_512320/35/ccs,m64012_675225_835364/53/ccs,m64012_360318_426387/19/ccs,m64012_876762_488957/7/ccs,m64012_924946_199822/27/ccs,m64012_270626_604733/5/ccs,m64012_627775_365855/49/ccs,m64012_243128_115980/1/ccs,m64012_474273_353667/56/ccs;GT=0/0;DR=;DV=	-1	-1.0	-1.0																				
4	tumor_dna_svisionpro_7_DEL_chr17:7684293_chr17:7684392	tumor	chr17	7684293	chr17	7684392	DEL	N	SV	sample001			dna	svisionpro	PACBIO	PASS	-1.0	False		99	0	60	60	1.0	m64012_747018_245105/33/ccs;m64012_242273_886778/44/ccs;m64012_767245_548448/48/ccs;m64012_602443_148263/17/ccs;m64012_270626_604733/5/ccs;m64012_478230_823532/2/ccs;m64012_360318_426387/19/ccs;m64012_381162_239173/42/ccs;m64012_463653_692950/58/ccs;m64012_903314_674082/4/ccs;m64012_858998_118547/18/ccs;m64012_760605_584390/39/ccs;m64012_177664_156802/31/ccs;m64012_924946_199822/27/ccs;m64012_869547_723665/28/ccs;m64012_304123_879899/25/ccs;m64012_835556_998088/45/ccs;m64012_843161_323664/24/ccs;m64012_838838_426632/15/ccs;m64012_314115_611506/6/ccs;m64012_328976_196480/36/ccs;m64012_514255_977134/51/ccs;m64012_471173_757519/23/ccs;m64012_464579_195366/16/ccs;m64012_522383_391973/47/ccs;m64012_415089_994242/3/ccs;m64012_243128_115980/1/ccs;m64012_829209_582752/10/ccs;m64012_182474_723034/41/ccs;m64012_352707_552960/37/ccs;m64012_807340_922818/59/ccs;m64012_392568_524525/8/ccs;m64012_348074_848096/54/ccs;m64012_544244_228744/40/ccs;m64012_296225_489659/43/ccs;m64012_758761_512320/35/ccs;m64012_627775_365855/49/ccs;m64012_148409_979935/11/ccs;m64012_474273_353667/56/ccs;m64012_242380_606702/26/ccs;m64012_653159_731621/12/ccs;m64012_876762_488957/7/ccs;m64012_954848_201761/13/ccs;m64012_669108_830718/55/ccs;m64012_845523_709458/22/ccs;m64012_748096_507187/20/ccs;m64012_936768_893553/14/ccs;m64012_288659_760219/9/ccs;m64012_331712_930339/38/ccs;m64012_675225_835364/53/ccs;m64012_692782_607796/32/ccs;m64012_149895_791974/60/ccs;m64012_147199_278309/30/ccs;m64012_905329_312972/34/ccs;m64012_863883_468811/21/ccs;m64012_472500_168132/52/ccs;m64012_464102_718786/50/ccs;m64012_941286_245689/29/ccs;m64012_647631_647248/57/ccs;m64012_270277_952842/46/ccs			ID=3;END=7684392;SVLEN=99;SVTYPE=DEL;SUPPORT=60;VAF=1.0;BKPS=DEL_99_chr17_7684293_7684392_7684293;BKPSIT=DEL_NewCOMP;RNAMES=m64012_288659_760219/9/ccs,m64012_304123_879899/25/ccs,m64012_936768_893553/14/ccs,m64012_903314_674082/4/ccs,m64012_147199_278309/30/ccs,m64012_647631_647248/57/ccs,m64012_807340_922818/59/ccs,m64012_863883_468811/21/ccs,m64012_464102_718786/50/ccs,m64012_767245_548448/48/ccs,m64012_314115_611506/6/ccs,m64012_270277_952842/46/ccs,m64012_514255_977134/51/ccs,m64012_464579_195366/16/ccs,m64012_869547_723665/28/ccs,m64012_760605_584390/39/ccs,m64012_602443_148263/17/ccs,m64012_845523_709458/22/ccs,m64012_653159_731621/12/ccs,m64012_843161_323664/24/ccs,m64012_829209_582752/10/ccs,m64012_296225_489659/43/ccs,m64012_692782_607796/32/ccs,m64012_747018_245105/33/ccs,m64012_522383_391973/47/ccs,m64012_415089_994242/3/ccs,m64012_242380_606702/26/ccs,m64012_177664_156802/31/ccs,m64012_381162_239173/42/ccs,m64012_669108_830718/55/ccs,m64012_352707_552960/37/ccs,m64012_149895_791974/60/ccs,m64012_242273_886778/44/ccs,m64012_182474_723034/41/ccs,m64012_478230_823532/2/ccs,m64012_148409_979935/11/ccs,m64012_348074_848096/54/ccs,m64012_392568_524525/8/ccs,m64012_838838_426632/15/ccs,m64012_328976_196480/36/ccs,m64012_858998_118547/18/ccs,m64012_835556_998088/45/ccs,m64012_471173_757519/23/ccs,m64012_905329_312972/34/ccs,m64012_331712_930339/38/ccs,m64012_544244_228744/40/ccs,m64012_954848_201761/13/ccs,m64012_472500_168132/52/ccs,m64012_463653_692950/58/ccs,m64012_941286_245689/29/ccs,m64012_748096_507187/20/ccs,m64012_758761_512320/35/ccs,m64012_675225_835364/53/ccs,m64012_360318_426387/19/ccs,m64012_876762_488957/7/ccs,m64012_924946_199822/27/ccs,m64012_270626_604733/5/ccs,m64012_627775_365855/49/ccs,m64012_243128_115980/1/ccs,m64012_474273_353667/56/ccs;GT=1/1;DR=0;DV=60	-1	-1.0	-1.0																				
4	normal_dna_svisionpro_8_DEL_chr17:7684293_chr17:7684392	normal	chr17	7684293	chr17	7684392	DEL	N	SV	sample001			dna	svisionpro	PACBIO	PASS	-1.0	False		99	-1	-1	-1	-1.0	m64012_747018_245105/33/ccs;m64012_242273_886778/44/ccs;m64012_767245_548448/48/ccs;m64012_602443_148263/17/ccs;m64012_270626_604733/5/ccs;m64012_478230_823532/2/ccs;m64012_360318_426387/19/ccs;m64012_381162_239173/42/ccs;m64012_463653_692950/58/ccs;m64012_903314_674082/4/ccs;m64012_858998_118547/18/ccs;m64012_760605_584390/39/ccs;m64012_177664_156802/31/ccs;m64012_924946_199822/27/ccs;m64012_869547_723665/28/ccs;m64012_304123_879899/25/ccs;m64012_835556_998088/45/ccs;m64012_843161_323664/24/ccs;m64012_838838_426632/15/ccs;m64012_314115_611506/6/ccs;m64012_328976_196480/36/ccs;m64012_514255_977134/51/ccs;m64012_471173_757519/23/ccs;m64012_464579_195366/16/ccs;m64012_522383_391973/47/ccs;m64012_415089_994242/3/ccs;m64012_243128_115980/1/ccs;m64012_829209_582752/10/ccs;m64012_182474_723034/41/ccs;m64012_352707_552960/37/ccs;m64012_807340_922818/59/ccs;m64012_392568_524525/8/ccs;m64012_348074_848096/54/ccs;m64012_544244_228744/40/ccs;m64012_296225_489659/43/ccs;m64012_758761_512320/35/ccs;m64012_627775_365855/49/ccs;m64012_148409_979935/11/ccs;m64012_474273_353667/56/ccs;m64012_242380_606702/26/ccs;m64012_653159_731621/12/ccs;m64012_876762_488957/7/ccs;m64012_954848_201761/13/ccs;m64012_669108_830718/55/ccs;m64012_845523_709458/22/ccs;m64012_748096_507187/20/ccs;m64012_936768_893553/14/ccs;m64012_288659_760219/9/ccs;m64012_331712_930339/38/ccs;m64012_675225_835364/53/ccs;m64012_692782_607796/32/ccs;m64012_149895_791974/60/ccs;m64012_147199_278309/30/ccs;m64012_905329_312972/34/ccs;m64012_863883_468811/21/ccs;m64012_472500_168132/52/ccs;m64012_464102_718786/50/ccs;m64012_941286_245689/29/ccs;m64012_647631_647248/57/ccs;m64012_270277_952842/46/ccs			ID=3;END=7684392;SVLEN=99;SVTYPE=DEL;SUPPORT=60;VAF=1.0;BKPS=DEL_99_chr17_7684293_7684392_7684293;BKPSIT=DEL_NewCOMP;RNAMES=m64012_288659_760219/9/ccs,m64012_304123_879899/25/ccs,m64012_936768_893553/14/ccs,m64012_903314_674082/4/ccs,m64012_147199_278309/30/ccs,m64012_647631_647248/57/ccs,m64012_807340_922818/59/ccs,m64012_863883_468811/21/ccs,m64012_464102_718786/50/ccs,m64012_767245_548448/48/ccs,m64012_314115_611506/6/ccs,m64012_270277_952842/46/ccs,m64012_514255_977134/51/ccs,m64012_464579_195366/16/ccs,m64012_869547_723665/28/ccs,m64012_760605_584390/39/ccs,m64012_602443_148263/17/ccs,m64012_845523_709458/22/ccs,m64012_653159_731621/12/ccs,m64012_843161_323664/24/ccs,m64012_829209_582752/10/ccs,m64012_296225_489659/43/ccs,m64012_692782_607796/32/ccs,m64012_747018_245105/33/ccs,m64012_522383_391973/47/ccs,m64012_415089_994242/3/ccs,m64012_242380_606702/26/ccs,m64012_177664_156802/31/ccs,m64012_381162_239173/42/ccs,m64012_669108_830718/55/ccs,m64012_352707_552960/37/ccs,m64012_149895_791974/60/ccs,m64012_242273_886778/44/ccs,m64012_182474_723034/41/ccs,m64012_478230_823532/2/ccs,m64012_148409_979935/11/ccs,m64012_348074_848096/54/ccs,m64012_392568_524525/8/ccs,m64012_838838_426632/15/ccs,m64012_328976_196480/36/ccs,m64012_858998_118547/18/ccs,m64012_835556_998088/45/ccs,m64012_471173_757519/23/ccs,m64012_905329_312972/34/ccs,m64012_331712_930339/38/ccs,m64012_544244_228744/40/ccs,m64012_954848_201761/13/ccs,m64012_472500_168132/52/ccs,m64012_463653_692950/58/ccs,m64012_941286_245689/29/ccs,m64012_748096_507187/20/ccs,m64012_758761_512320/35/ccs,m64012_675225_835364/53/ccs,m64012_360318_426387/19/ccs,m64012_876762_488957/7/ccs,m64012_924946_199822/27/ccs,m64012_270626_604733/5/ccs,m64012_627775_365855/49/ccs,m64012_243128_115980/1/ccs,m64012_474273_353667/56/ccs;GT=0/0;DR=;DV=	-1	-1.0	-1.0																				
5	tumor_dna_svisionpro_9_DEL_chr17:7685392_chr17:7685491	tumor	chr17	7685392	chr17	7685491	DEL	N	SV	sample001			dna	svisionpro	PACBIO	PASS	-1.0	False		99	0	60	60	1.0	m64012_747018_245105/33/ccs;m64012_242273_886778/44/ccs;m64012_767245_548448/48/ccs;m64012_602443_148263/17/ccs;m64012_270626_604733/5/ccs;m64012_478230_823532/2/ccs;m64012_360318_426387/19/ccs;m64012_381162_239173/42/ccs;m64012_463653_692950/58/ccs;m64012_903314_674082/4/ccs;m64012_858998_118547/18/ccs;m64012_760605_584390/39/ccs;m64012_177664_156802/31/ccs;m64012_924946_199822/27/ccs;m64012_869547_723665/28/ccs;m64012_304123_879899/25/ccs;m64012_835556_998088/45/ccs;m64012_843161_323664/24/ccs;m64012_838838_426632/15/ccs;m64012_314115_611506/6/ccs;m64012_328976_196480/36/ccs;m64012_514255_977134/51/ccs;m64012_471173_757519/23/ccs;m64012_464579_195366/16/ccs;m64012_522383_391973/47/ccs;m64012_415089_994242/3/ccs;m64012_243128_115980/1/ccs;m64012_829209_582752/10/ccs;m64012_182474_723034/41/ccs;m64012_352707_552960/37/ccs;m64012_807340_922818/59/ccs;m64012_392568_524525/8/ccs;m64012_348074_848096/54/ccs;m64012_544244_228744/40/ccs;m64012_296225_489659/43/ccs;m64012_758761_512320/35/ccs;m64012_627775_365855/49/ccs;m64012_148409_979935/11/ccs;m64012_474273_353667/56/ccs;m64012_242380_606702/26/ccs;m64012_653159_731621/12/ccs;m64012_876762_488957/7/ccs;m64012_954848_201761/13/ccs;m64012_669108_830718/55/ccs;m64012_845523_709458/22/ccs;m64012_748096_507187/20/ccs;m64012_936768_893553/14/ccs;m64012_288659_760219/9/ccs;m64012_331712_930339/38/ccs;m64012_675225_835364/53/ccs;m64012_692782_607796/32/ccs;m64012_149895_791974/60/ccs;m64012_147199_278309/30/ccs;m64012_905329_312972/34/ccs;m64012_863883_468811/21/ccs;m64012_472500_168132/52/ccs;m64012_464102_718786/50/ccs;m64012_941286_245689/29/ccs;m64012_647631_647248/57/ccs;m64012_270277_952842/46/ccs			ID=4;END=7685491;SVLEN=99;SVTYPE=DEL;SUPPORT=60;VAF=1.0;BKPS=DEL_99_chr17_7685392_7685491_7685392;BKPSIT=DEL_NewCOMP;RNAMES=m64012_288659_760219/9/ccs,m64012_304123_879899/25/ccs,m64012_936768_893553/14/ccs,m64012_903314_674082/4/ccs,m64012_147199_278309/30/ccs,m64012_647631_647248/57/ccs,m64012_807340_922818/59/ccs,m64012_863883_468811/21/ccs,m64012_464102_718786/50/ccs,m64012_767245_548448/48/ccs,m64012_314115_611506/6/ccs,m64012_270277_952842/46/ccs,m64012_514255_977134/51/ccs,m64012_464579_195366/16/ccs,m64012_869547_723665/28/ccs,m64012_760605_584390/39/ccs,m64012_602443_148263/17/ccs,m64012_845523_709458/22/ccs,m64012_653159_731621/12/ccs,m64012_843161_323664/24/ccs,m64012_829209_582752/10/ccs,m64012_296225_489659/43/ccs,m64012_692782_607796/32/ccs,m64012_747018_245105/33/ccs,m64012_522383_391973/47/ccs,m64012_415089_994242/3/ccs,m64012_242380_606702/26/ccs,m64012_177664_156802/31/ccs,m64012_381162_239173/42/ccs,m64012_669108_830718/55/ccs,m64012_352707_552960/37/ccs,m64012_149895_791974/60/ccs,m64012_242273_886778/44/ccs,m64012_182474_723034/41/ccs,m64012_478230_823532/2/ccs,m64012_148409_979935/11/ccs,m64012_348074_848096/54/ccs,m64012_392568_524525/8/ccs,m64012_838838_426632/15/ccs,m64012_328976_196480/36/ccs,m64012_858998_118547/18/ccs,m64012_835556_998088/45/ccs,m64012_471173_757519/23/ccs,m64012_905329_312972/34/ccs,m64012_331712_930339/38/ccs,m64012_544244_228744/40/ccs,m64012_954848_201761/13/ccs,m64012_472500_168132/52/ccs,m64012_463653_692950/58/ccs,m64012_941286_245689/29/ccs,m64012_748096_507187/20/ccs,m64012_758761_512320/35/ccs,m64012_675225_835364/53/ccs,m64012_360318_426387/19/ccs,m64012_876762_488957/7/ccs,m64012_924946_199822/27/ccs,m64012_270626_604733/5/ccs,m64012_627775_365855/49/ccs,m64012_243128_115980/1/ccs,m64012_474273_353667/56/ccs;GT=1/1;DR=0;DV=60	-1	-1.0	-1.0																				
5	normal_dna_svisionpro_10_DEL_chr17:7685392_chr17:7685491	normal	chr17	7685392	chr17	7685491	DEL	N	SV	sample001			dna	svisionpro	PACBIO	PASS	-1.0	False		99	-1	-1	-1	-1.0	m64012_747018_245105/33/ccs;m64012_242273_886778/44/ccs;m64012_767245_548448/48/ccs;m64012_602443_148263/17/ccs;m64012_270626_604733/5/ccs;m64012_478230_823532/2/ccs;m64012_360318_426387/19/ccs;m64012_381162_239173/42/ccs;m64012_463653_692950/58/ccs;m64012_903314_674082/4/ccs;m64012_858998_118547/18/ccs;m64012_760605_584390/39/ccs;m64012_177664_156802/31/ccs;m64012_924946_199822/27/ccs;m64012_869547_723665/28/ccs;m64012_304123_879899/25/ccs;m64012_835556_998088/45/ccs;m64012_843161_323664/24/ccs;m64012_838838_426632/15/ccs;m64012_314115_611506/6/ccs;m64012_328976_196480/36/ccs;m64012_514255_977134/51/ccs;m64012_471173_757519/23/ccs;m64012_464579_195366/16/ccs;m64012_522383_391973/47/ccs;m64012_415089_994242/3/ccs;m64012_243128_115980/1/ccs;m64012_829209_582752/10/ccs;m64012_182474_723034/41/ccs;m64012_352707_552960/37/ccs;m64012_807340_922818/59/ccs;m64012_392568_524525/8/ccs;m64012_348074_848096/54/ccs;m64012_544244_228744/40/ccs;m64012_296225_489659/43/ccs;m64012_758761_512320/35/ccs;m64012_627775_365855/49/ccs;m64012_148409_979935/11/ccs;m64012_474273_353667/56/ccs;m64012_242380_606702/26/ccs;m64012_653159_731621/12/ccs;m64012_876762_488957/7/ccs;m64012_954848_201761/13/ccs;m64012_669108_830718/55/ccs;m64012_845523_709458/22/ccs;m64012_748096_507187/20/ccs;m64012_936768_893553/14/ccs;m64012_288659_760219/9/ccs;m64012_331712_930339/38/ccs;m64012_675225_835364/53/ccs;m64012_692782_607796/32/ccs;m64012_149895_791974/60/ccs;m64012_147199_278309/30/ccs;m64012_905329_312972/34/ccs;m64012_863883_468811/21/ccs;m64012_472500_168132/52/ccs;m64012_464102_718786/50/ccs;m64012_941286_245689/29/ccs;m64012_647631_647248/57/ccs;m64012_270277_952842/46/ccs			ID=4;END=7685491;SVLEN=99;SVTYPE=DEL;SUPPORT=60;VAF=1.0;BKPS=DEL_99_chr17_7685392_7685491_7685392;BKPSIT=DEL_NewCOMP;RNAMES=m64012_288659_760219/9/ccs,m64012_304123_879899/25/ccs,m64012_936768_893553/14/ccs,m64012_903314_674082/4/ccs,m64012_147199_278309/30/ccs,m64012_647631_647248/57/ccs,m64012_807340_922818/59/ccs,m64012_863883_468811/21/ccs,m64012_464102_718786/50/ccs,m64012_767245_548448/48/ccs,m64012_314115_611506/6/ccs,m64012_270277_952842/46/ccs,m64012_514255_977134/51/ccs,m64012_464579_195366/16/ccs,m64012_869547_723665/28/ccs,m64012_760605_584390/39/ccs,m64012_602443_148263/17/ccs,m64012_845523_709458/22/ccs,m64012_653159_731621/12/ccs,m64012_843161_323664/24/ccs,m64012_829209_582752/10/ccs,m64012_296225_489659/43/ccs,m64012_692782_607796/32/ccs,m64012_747018_245105/33/ccs,m64012_522383_391973/47/ccs,m64012_415089_994242/3/ccs,m64012_242380_606702/26/ccs,m64012_177664_156802/31/ccs,m64012_381162_239173/42/ccs,m64012_669108_830718/55/ccs,m64012_352707_552960/37/ccs,m64012_149895_791974/60/ccs,m64012_242273_886778/44/ccs,m64012_182474_723034/41/ccs,m64012_478230_823532/2/ccs,m64012_148409_979935/11/ccs,m64012_348074_848096/54/ccs,m64012_392568_524525/8/ccs,m64012_838838_426632/15/ccs,m64012_328976_196480/36/ccs,m64012_858998_118547/18/ccs,m64012_835556_998088/45/ccs,m64012_471173_757519/23/ccs,m64012_905329_312972/34/ccs,m64012_331712_930339/38/ccs,m64012_544244_228744/40/ccs,m64012_954848_201761/13/ccs,m64012_472500_168132/52/ccs,m64012_463653_692950/58/ccs,m64012_941286_245689/29/ccs,m64012_748096_507187/20/ccs,m64012_758761_512320/35/ccs,m64012_675225_835364/53/ccs,m64012_360318_426387/19/ccs,m64012_876762_488957/7/ccs,m64012_924946_199822/27/ccs,m64012_270626_604733/5/ccs,m64012_627775_365855/49/ccs,m64012_243128_115980/1/ccs,m64012_474273_353667/56/ccs;GT=0/0;DR=;DV=	-1	-1.0	-1.0																				
